<?xml version="1.0" encoding="UTF-8"?>
<project xmlns="http://maven.apache.org/POM/4.0.0" xmlns:xsi="http://www.w3.org/2001/XMLSchema-instance" xsi:schemaLocation="http://maven.apache.org/POM/4.0.0 http://maven.apache.org/maven-v4_0_0.xsd">
  <parent>
    <artifactId>rosehc-server</artifactId>
    <groupId>pl.rosehc</groupId>
    <version>1.0-SNAPSHOT</version>
  </parent>
  <modelVersion>4.0.0</modelVersion>
  <artifactId>rosehc-bukkit-achievements-plugin</artifactId>
  <build>
    <defaultGoal>plugin install</defaultGoal>
    <resources>
      <resource>
        <filtering>true</filtering>
        <directory>src/main/resources</directory>
      </resource>
    </resources>
    <plugins>
      <plugin>
        <artifactId>maven-shade-plugin</artifactId>
        <executions>
          <execution>
            <phase>package</phase>
            <goals>
              <goal>shade</goal>
            </goals>
          </execution>
        </executions>
      </plugin>
      <plugin>
        <artifactId>maven-compiler-plugin</artifactId>
        <version>3.8.0</version>
        <configuration>
          <source>1.8</source>
          <target>1.8</target>
        </configuration>
      </plugin>
    </plugins>
  </build>
  <dependencies>
    <dependency>
      <groupId>pl.rosehc.adapter</groupId>
      <artifactId>rosehc-bukkit-adapter-plugin</artifactId>
      <version>1.0-SNAPSHOT</version>
      <scope>provided</scope>
    </dependency>
    <dependency>
      <groupId>pl.rosehc</groupId>
      <artifactId>rosehc-bukkit-guilds-plugin</artifactId>
      <version>1.0-SNAPSHOT</version>
      <scope>provided</scope>
    </dependency>
    <dependency>
      <groupId>pl.rosehc</groupId>
      <artifactId>rosehc-bukkit-platform-plugin</artifactId>
      <version>1.0-SNAPSHOT</version>
      <scope>provided</scope>
    </dependency>
    <dependency>
      <groupId>pl.rosehc</groupId>
      <artifactId>rosehc-bukkit-sectors-plugin</artifactId>
      <version>1.0-SNAPSHOT</version>
      <scope>provided</scope>
    </dependency>
    <dependency>
      <groupId>paperspigot</groupId>
      <artifactId>org.github.paperspigot</artifactId>
      <version>1.8.8-R0.1-SNAPSHOT</version>
      <scope>system</scope>
      <systemPath>${project.basedir}/../.libraries/paperspigot.jar</systemPath>
    </dependency>
  </dependencies>
</project>
